transaction_id,amount,time,merchant,category,location,device,ip_address,user_id
0,40.2,6:30 AM,B,retail,US,mobile,192.168.15.51,1944
1,760.76,1:15 AM,C,travel,US,tablet,192.168.247.127,1043
2,481.0,5:00 AM,D,retail,JP,desktop,192.168.63.56,1780
3,425.48,10:15 AM,C,travel,AU,tablet,192.168.216.252,1823
4,588.2,12:15 AM,A,food,CA,desktop,192.168.35.72,1577
5,45.92,1:00 PM,E,entertainment,UK,desktop,192.168.70.253,1676
6,33.12,10:30 AM,C,retail,UK,desktop,192.168.116.168,1060
7,47.82,6:15 PM,E,retail,UK,tablet,192.168.95.100,1659
8,75.19,10:00 AM,D,food,US,tablet,192.168.26.97,1800
9,39.12,3:30 AM,C,travel,AU,desktop,192.168.88.236,1133
10,8.63,5:45 PM,A,travel,CA,desktop,192.168.2.152,1938
11,83.28,3:00 PM,E,travel,UK,desktop,192.168.132.235,1520
12,5.75,3:15 AM,B,food,AU,mobile,192.168.28.64,1899
13,22.03,3:30 AM,A,retail,UK,desktop,192.168.159.218,1677
14,47.78,12:45 AM,D,retail,US,desktop,192.168.31.207,1839
15,19.06,7:00 PM,B,entertainment,UK,mobile,192.168.254.210,1009
16,40.78,1:00 AM,B,entertainment,UK,mobile,192.168.144.41,1972
17,457.44,11:30 AM,D,entertainment,UK,mobile,192.168.140.231,1473
18,411.48,1:30 AM,A,travel,US,desktop,192.168.246.122,1895
19,22.38,10:15 AM,C,retail,AU,desktop,192.168.105.185,1221
20,30.4,9:30 PM,D,food,CA,desktop,192.168.130.146,1280
21,71.53,10:00 PM,A,entertainment,AU,tablet,192.168.187.129,1859
22,5.27,12:00 PM,D,entertainment,AU,mobile,192.168.38.31,1889
23,70.54,2:00 PM,E,entertainment,UK,mobile,192.168.104.99,1909
24,666.76,1:15 PM,E,retail,AU,mobile,192.168.61.243,1129
25,30.05,5:00 AM,D,food,AU,desktop,192.168.147.102,1275
26,47.26,10:00 PM,E,entertainment,CA,desktop,192.168.59.103,1903
27,15.51,6:30 PM,B,entertainment,CA,tablet,192.168.117.168,1156
28,4.27,10:45 AM,B,services,US,tablet,192.168.42.113,1558
29,5.87,7:00 AM,A,retail,JP,mobile,192.168.81.119,1820
30,59.08,11:00 AM,A,travel,UK,tablet,192.168.189.6,1729
31,6.09,3:15 PM,E,food,UK,mobile,192.168.53.11,1035
32,30.05,10:00 AM,D,services,UK,tablet,192.168.123.90,1166
33,83.62,11:30 PM,E,services,US,tablet,192.168.223.143,1035
34,35.97,10:00 AM,A,food,US,mobile,192.168.181.162,1930
35,53.22,7:30 AM,C,services,UK,desktop,192.168.104.120,1403
36,2.67,12:15 PM,A,food,JP,tablet,192.168.55.199,1696
37,635.72,1:15 PM,D,food,UK,desktop,192.168.248.4,1970
38,5.23,2:15 AM,D,food,UK,desktop,192.168.180.51,1019
39,21.07,4:45 PM,C,services,UK,mobile,192.168.170.120,1645
40,463.4,5:00 PM,E,services,JP,tablet,192.168.87.27,1684
41,70.33,4:45 PM,E,retail,JP,tablet,192.168.35.88,1992
42,5.63,4:30 PM,A,entertainment,JP,tablet,192.168.242.24,1887
43,28.19,3:45 PM,B,travel,US,desktop,192.168.146.182,1940
44,446.0,2:00 AM,C,entertainment,US,desktop,192.168.91.150,1927
45,19.59,5:00 PM,D,services,AU,mobile,192.168.13.207,1765
46,574.72,4:15 AM,B,food,US,tablet,192.168.183.238,1601
47,884.52,8:15 PM,B,travel,CA,mobile,192.168.164.132,1211
48,99.62,11:45 AM,B,retail,UK,tablet,192.168.146.24,1594
49,799.2,10:15 PM,B,food,CA,tablet,192.168.217.18,1094
50,12.33,7:45 AM,D,services,UK,mobile,192.168.61.102,1197
51,28.61,11:30 AM,D,services,AU,tablet,192.168.133.0,1596
52,25.39,7:15 AM,D,services,AU,mobile,192.168.222.26,1852
53,40.14,11:45 AM,A,services,CA,desktop,192.168.97.249,1845
54,0.66,7:30 AM,D,food,AU,tablet,192.168.86.24,1555
55,708.64,10:30 AM,A,services,CA,desktop,192.168.9.200,1529
56,15.5,9:00 AM,E,services,CA,desktop,192.168.227.247,1620
57,5.32,3:00 PM,B,entertainment,AU,mobile,192.168.74.217,1226
58,2.05,9:00 AM,C,retail,JP,tablet,192.168.49.145,1954
59,66.58,3:30 AM,A,services,AU,tablet,192.168.15.211,1788
60,612.48,5:45 PM,E,entertainment,AU,tablet,192.168.140.213,1598
61,6.55,5:15 AM,E,food,UK,tablet,192.168.62.113,1388
62,651.8,12:30 AM,B,travel,JP,desktop,192.168.151.78,1388
63,58.86,1:15 PM,B,entertainment,US,mobile,192.168.118.70,1080
64,29.68,9:30 PM,B,food,AU,tablet,192.168.165.206,1708
65,15.34,10:00 AM,E,food,UK,tablet,192.168.88.3,1062
66,51.59,7:30 PM,B,food,US,mobile,192.168.185.242,1459
67,28.71,2:45 AM,E,travel,UK,desktop,192.168.244.186,1650
68,551.16,4:00 PM,A,services,JP,mobile,192.168.0.247,1779
69,7.57,10:30 AM,D,food,UK,mobile,192.168.227.95,1331
70,9.25,12:15 AM,D,entertainment,AU,tablet,192.168.231.136,1393
71,480.4,3:30 PM,D,retail,UK,mobile,192.168.115.186,1181
72,71.46,7:00 PM,A,travel,JP,mobile,192.168.57.245,1676
73,26.82,11:00 PM,B,retail,CA,tablet,192.168.56.150,1480
74,67.6,3:45 AM,B,retail,JP,mobile,192.168.246.223,1210
75,12.68,11:00 PM,D,services,UK,desktop,192.168.193.20,1599
76,13.58,10:00 AM,A,retail,UK,desktop,192.168.171.38,1487
77,33.74,6:15 PM,B,travel,CA,tablet,192.168.42.47,1268
78,24.25,6:15 AM,A,entertainment,CA,mobile,192.168.41.117,1236
79,54.18,1:00 PM,D,retail,AU,desktop,192.168.28.195,1046
80,16.91,7:30 AM,D,travel,UK,tablet,192.168.184.216,1725
81,512.4,11:15 PM,D,travel,US,desktop,192.168.179.223,1689
82,56.19,9:00 PM,D,retail,US,desktop,192.168.93.224,1556
83,34.51,4:30 AM,E,entertainment,UK,tablet,192.168.187.249,1864
84,44.9,4:45 AM,A,entertainment,US,mobile,192.168.30.155,1318
85,7.9,11:45 PM,B,food,AU,tablet,192.168.230.56,1478
86,8.78,6:30 PM,A,travel,CA,desktop,192.168.19.77,1270
87,18.43,1:45 AM,B,travel,US,desktop,192.168.183.87,1628
88,19.63,7:30 AM,E,food,UK,tablet,192.168.222.204,1030
89,93.74,12:00 PM,E,entertainment,AU,tablet,192.168.154.90,1634
90,54.56,7:15 AM,C,food,US,mobile,192.168.68.187,1511
91,10.98,3:00 AM,D,travel,US,tablet,192.168.189.152,1586
92,24.21,7:00 AM,B,travel,US,desktop,192.168.62.30,1569
93,1.87,7:00 AM,C,food,CA,tablet,192.168.34.232,1595
94,57.98,12:30 AM,E,food,CA,desktop,192.168.108.231,1642
95,52.32,10:00 AM,E,services,US,desktop,192.168.45.208,1595
96,80.61,9:15 AM,E,retail,US,tablet,192.168.121.37,1295
97,35.49,12:30 PM,E,retail,AU,mobile,192.168.95.59,1005
98,605.64,4:00 PM,E,services,US,desktop,192.168.160.175,1597
99,2.02,8:15 PM,D,services,CA,tablet,192.168.61.116,1513
100,59.52,9:45 AM,A,travel,US,desktop,192.168.140.93,1552
101,93.55,3:00 PM,B,services,CA,tablet,192.168.85.206,1837
102,17.62,11:30 PM,D,retail,US,desktop,192.168.104.116,1688
103,32.12,6:30 AM,D,retail,AU,mobile,192.168.223.194,1320
104,549.16,11:30 PM,B,services,CA,desktop,192.168.243.247,1610
105,767.52,5:15 AM,E,travel,UK,desktop,192.168.93.126,1125
106,10.77,3:45 PM,B,travel,CA,mobile,192.168.122.101,1511
107,13.64,8:30 PM,D,entertainment,JP,desktop,192.168.87.213,1688
108,71.97,8:15 AM,D,food,JP,tablet,192.168.97.79,1383
109,43.2,2:30 PM,C,travel,CA,tablet,192.168.134.116,1699
110,42.69,5:45 AM,E,food,US,desktop,192.168.46.168,1901
111,26.16,8:00 PM,A,entertainment,AU,desktop,192.168.50.68,1643
112,77.7,3:30 AM,C,entertainment,AU,mobile,192.168.2.179,1236
113,802.96,2:45 AM,B,travel,US,desktop,192.168.178.52,1357
114,32.64,6:15 PM,E,retail,US,desktop,192.168.243.0,1095
115,8.24,7:00 PM,C,retail,US,desktop,192.168.32.149,1181
116,1138.16,4:15 PM,C,travel,US,tablet,192.168.233.192,1499
117,37.11,5:30 PM,C,entertainment,US,desktop,192.168.191.244,1838
118,11.13,9:15 PM,B,retail,JP,desktop,192.168.1.209,1434
119,52.21,2:00 PM,B,entertainment,UK,tablet,192.168.243.203,1696
120,44.48,7:00 AM,B,travel,AU,mobile,192.168.115.153,1717
121,629.36,6:00 AM,C,food,US,mobile,192.168.25.240,1411
122,7.25,2:30 AM,C,travel,UK,mobile,192.168.179.220,1339
123,98.73,12:30 PM,A,food,CA,tablet,192.168.27.57,1205
124,1.66,1:00 PM,B,retail,UK,mobile,192.168.163.65,1622
125,4.01,5:15 AM,B,travel,US,desktop,192.168.208.140,1151
126,1.3,1:45 AM,B,travel,CA,desktop,192.168.207.69,1029
127,13.5,10:45 PM,A,retail,JP,tablet,192.168.217.131,1755
128,32.27,5:45 AM,E,entertainment,JP,tablet,192.168.79.7,1769
129,19.85,4:00 PM,B,retail,UK,mobile,192.168.25.111,1372
130,78.03,5:30 AM,D,travel,US,tablet,192.168.172.17,1797
131,18.22,12:15 AM,A,food,UK,desktop,192.168.8.250,1800
132,24.01,10:00 AM,E,services,US,tablet,192.168.0.230,1136
133,583.0,6:45 AM,B,entertainment,CA,mobile,192.168.116.234,1027
134,45.28,6:15 AM,C,services,AU,tablet,192.168.239.113,1450
135,32.35,7:45 PM,D,services,US,desktop,192.168.200.226,1884
136,67.27,4:15 PM,C,services,US,mobile,192.168.118.243,1352
137,19.53,7:00 PM,E,food,AU,desktop,192.168.72.252,1444
138,13.55,2:45 PM,D,food,US,mobile,192.168.164.189,1660
139,13.17,10:15 PM,B,services,US,desktop,192.168.163.15,1534
140,4.81,3:00 AM,C,entertainment,US,desktop,192.168.198.43,1620
141,35.79,10:30 PM,D,services,JP,mobile,192.168.1.125,1002
142,626.36,3:30 AM,C,travel,AU,desktop,192.168.67.41,1271
143,15.55,6:45 AM,C,entertainment,JP,desktop,192.168.107.70,1080
144,37.91,12:30 PM,A,food,US,tablet,192.168.86.122,1217
145,27.77,12:45 PM,A,services,US,mobile,192.168.161.227,1090
146,28.96,2:15 PM,A,travel,UK,desktop,192.168.224.183,1326
147,44.7,9:15 PM,B,entertainment,US,tablet,192.168.70.86,1139
148,626.76,10:30 AM,D,food,US,desktop,192.168.160.119,1149
149,21.46,8:45 PM,B,services,US,mobile,192.168.251.115,1883
150,18.72,9:00 AM,C,food,CA,mobile,192.168.39.54,1289
151,24.02,8:45 AM,C,services,JP,tablet,192.168.109.38,1635
152,51.05,1:15 PM,B,services,JP,mobile,192.168.37.5,1859
153,682.32,11:15 PM,C,retail,JP,desktop,192.168.16.45,1958
154,6.33,4:30 PM,A,services,CA,desktop,192.168.122.252,1224
155,459.84,12:30 PM,A,retail,US,desktop,192.168.249.114,1004
156,4.04,8:00 AM,A,travel,CA,desktop,192.168.16.254,1479
157,64.71,1:15 PM,E,services,US,desktop,192.168.68.94,1944
158,61.4,2:30 PM,A,retail,JP,tablet,192.168.17.246,1568
159,647.96,11:15 AM,A,entertainment,JP,tablet,192.168.116.166,1531
160,12.26,6:15 AM,C,services,AU,tablet,192.168.73.69,1293
161,7.79,11:15 AM,C,food,AU,mobile,192.168.175.172,1847
162,45.06,10:30 AM,D,entertainment,UK,desktop,192.168.212.59,1242
163,2.94,12:30 PM,E,retail,UK,mobile,192.168.218.38,1136
164,91.04,3:00 PM,D,services,JP,mobile,192.168.231.13,1297
165,99.71,8:45 AM,C,services,JP,desktop,192.168.178.141,1288
166,8.96,2:15 PM,E,travel,US,mobile,192.168.251.61,1166
167,15.47,10:15 AM,D,travel,CA,tablet,192.168.7.125,1076
168,619.64,5:45 PM,E,food,JP,desktop,192.168.155.16,1635
169,541.04,5:30 AM,B,travel,CA,mobile,192.168.183.133,1084
170,38.36,2:30 AM,A,travel,CA,tablet,192.168.235.90,1440
171,52.66,2:15 PM,D,food,UK,mobile,192.168.10.65,1926
172,63.88,7:00 PM,E,food,US,desktop,192.168.131.153,1531
173,20.46,7:30 AM,A,services,AU,mobile,192.168.116.110,1182
174,12.75,3:45 PM,A,retail,CA,tablet,192.168.194.23,1924
175,1010.84,9:15 AM,B,entertainment,JP,desktop,192.168.54.225,1212
176,35.95,2:30 AM,A,retail,US,desktop,192.168.44.118,1352
177,93.52,3:30 PM,C,travel,US,mobile,192.168.82.148,1551
178,6.2,11:45 PM,C,entertainment,UK,desktop,192.168.109.38,1488
179,37.56,9:30 PM,A,food,US,tablet,192.168.38.246,1041
180,20.76,1:30 PM,C,retail,CA,mobile,192.168.228.112,1043
181,648.68,1:15 AM,C,entertainment,AU,tablet,192.168.122.148,1881
182,22.06,5:30 PM,C,services,CA,desktop,192.168.14.205,1768
183,32.39,6:45 AM,A,retail,JP,desktop,192.168.119.207,1228
184,17.94,3:45 PM,B,food,US,desktop,192.168.71.128,1831
185,39.1,2:45 AM,D,travel,UK,mobile,192.168.88.135,1699
186,400.12,2:30 AM,C,travel,JP,desktop,192.168.238.251,1077
187,53.96,12:15 PM,C,food,CA,tablet,192.168.123.5,1660
188,32.86,6:15 PM,E,travel,UK,desktop,192.168.227.46,1972
189,513.12,2:15 PM,D,food,CA,mobile,192.168.82.119,1109
190,10.04,12:15 PM,D,entertainment,US,desktop,192.168.5.78,1551
191,65.66,4:45 PM,C,retail,AU,tablet,192.168.194.94,1032
192,49.72,4:15 PM,A,services,JP,tablet,192.168.63.49,1094
193,48.82,12:15 AM,E,retail,CA,desktop,192.168.198.53,1624
194,78.33,8:45 PM,E,entertainment,AU,tablet,192.168.234.60,1902
195,17.03,4:00 AM,E,services,UK,desktop,192.168.158.82,1536
196,30.09,4:45 PM,D,retail,UK,mobile,192.168.253.62,1377
197,0.55,2:30 PM,C,services,US,mobile,192.168.176.243,1634
198,1.8,7:45 PM,D,services,AU,mobile,192.168.120.74,1606
199,423.84,9:45 PM,C,services,JP,desktop,192.168.238.113,1920
200,47.0,3:45 AM,B,retail,UK,tablet,192.168.200.161,1515
201,42.15,2:15 PM,A,entertainment,AU,tablet,192.168.233.4,1837
202,605.8,2:15 PM,E,entertainment,CA,tablet,192.168.163.142,1903
203,40.96,10:15 PM,C,travel,UK,tablet,192.168.159.179,1023
204,31.8,3:15 PM,A,retail,JP,desktop,192.168.56.169,1357
205,6.15,6:00 AM,C,entertainment,CA,desktop,192.168.87.47,1721
206,98.86,3:15 PM,C,food,UK,mobile,192.168.88.206,1227
207,39.98,2:45 AM,A,services,JP,mobile,192.168.52.241,1466
208,42.06,3:15 AM,C,travel,CA,desktop,192.168.31.227,1272
209,17.37,12:00 AM,C,services,JP,desktop,192.168.47.94,1241
210,19.18,11:45 AM,A,services,UK,tablet,192.168.31.110,1343
211,21.57,7:45 AM,E,services,UK,tablet,192.168.6.184,1712
212,511.72,6:45 PM,A,entertainment,UK,mobile,192.168.61.46,1803
213,10.4,9:30 PM,A,services,CA,mobile,192.168.0.18,1493
214,77.52,8:45 AM,C,retail,UK,tablet,192.168.97.36,1935
215,97.24,12:30 AM,A,travel,US,desktop,192.168.55.57,1968
216,20.8,8:15 AM,B,retail,US,tablet,192.168.183.141,1958
217,26.44,6:15 PM,B,food,US,desktop,192.168.251.96,1313
218,55.71,10:45 AM,D,entertainment,US,mobile,192.168.179.212,1012
219,32.73,11:45 PM,E,retail,AU,mobile,192.168.152.25,1179
220,53.61,7:30 PM,C,retail,JP,tablet,192.168.247.239,1874
221,13.73,12:30 PM,A,entertainment,CA,tablet,192.168.248.102,1010
222,9.0,3:30 PM,A,retail,AU,desktop,192.168.246.14,1733
223,0.71,4:30 AM,C,food,US,tablet,192.168.128.198,1700
224,13.67,4:30 PM,C,entertainment,CA,tablet,192.168.199.188,1421
225,32.35,8:30 PM,C,retail,JP,mobile,192.168.221.219,1924
226,17.98,10:00 AM,C,retail,AU,mobile,192.168.64.97,1397
227,33.94,1:30 PM,B,services,US,tablet,192.168.97.26,1273
228,13.91,5:15 AM,A,travel,US,mobile,192.168.195.148,1014
229,2.35,8:30 PM,A,retail,AU,mobile,192.168.8.15,1385
230,41.94,11:15 PM,C,travel,US,mobile,192.168.172.95,1035
231,69.66,8:15 PM,C,travel,JP,mobile,192.168.214.163,1845
232,24.75,5:45 AM,E,travel,CA,desktop,192.168.97.117,1300
233,41.82,7:00 PM,B,food,JP,desktop,192.168.45.20,1735
234,8.21,5:00 AM,D,services,JP,mobile,192.168.55.152,1963
235,34.73,2:45 AM,B,travel,CA,tablet,192.168.124.39,1833
236,531.44,7:15 AM,C,entertainment,US,tablet,192.168.37.165,1444
237,52.22,12:45 AM,C,retail,US,desktop,192.168.151.205,1465
238,0.3,6:30 AM,D,services,AU,tablet,192.168.60.184,1591
239,79.41,12:30 PM,D,retail,UK,desktop,192.168.196.194,1674
240,578.8,5:15 AM,A,travel,AU,desktop,192.168.241.119,1302
241,95.63,3:00 PM,D,food,CA,tablet,192.168.126.120,1644
242,78.5,11:45 PM,C,food,UK,tablet,192.168.88.26,1229
243,2.72,10:45 PM,E,retail,UK,mobile,192.168.151.11,1870
244,7.66,3:00 AM,D,retail,AU,desktop,192.168.142.224,1963
245,11.71,7:45 PM,E,retail,AU,desktop,192.168.117.188,1330
246,610.68,10:30 PM,A,entertainment,JP,mobile,192.168.190.214,1278
247,51.9,1:15 PM,A,services,CA,desktop,192.168.239.112,1950
248,76.34,2:15 AM,B,travel,UK,desktop,192.168.175.198,1897
249,21.95,12:00 AM,E,retail,AU,desktop,192.168.114.194,1193
250,20.28,2:30 AM,C,travel,AU,mobile,192.168.106.83,1364
251,14.53,8:15 PM,C,services,CA,desktop,192.168.228.27,1101
252,5.8,10:30 PM,E,travel,US,desktop,192.168.67.177,1589
253,13.48,9:45 AM,D,travel,JP,tablet,192.168.1.129,1923
254,588.84,8:00 PM,A,retail,CA,mobile,192.168.58.68,1256
255,33.5,12:30 AM,E,retail,AU,mobile,192.168.54.86,1877
256,64.23,5:15 PM,B,services,AU,mobile,192.168.223.179,1360
257,37.06,3:30 AM,B,travel,UK,mobile,192.168.169.86,1522
258,6.57,3:00 PM,D,food,AU,mobile,192.168.138.240,1138
259,62.76,3:45 PM,D,entertainment,US,tablet,192.168.248.57,1641
260,536.56,8:30 PM,E,travel,AU,tablet,192.168.48.220,1590
261,513.0,12:30 PM,A,retail,AU,mobile,192.168.114.58,1825
262,1186.12,11:30 PM,B,food,US,tablet,192.168.110.217,1353
263,0.5,4:45 PM,B,services,US,tablet,192.168.14.195,1522
264,67.07,5:15 AM,A,food,JP,mobile,192.168.22.244,1245
265,542.48,9:00 AM,C,food,JP,desktop,192.168.101.132,1333
266,12.78,10:30 PM,E,entertainment,JP,desktop,192.168.160.245,1797
267,1080.24,6:30 AM,D,services,CA,mobile,192.168.113.243,1713
268,19.64,12:15 AM,A,food,CA,tablet,192.168.52.27,1230
269,12.93,9:15 PM,C,services,JP,mobile,192.168.135.51,1473
270,57.48,6:15 PM,D,services,CA,tablet,192.168.63.194,1091
271,30.55,3:45 PM,A,services,UK,tablet,192.168.163.131,1452
272,5.54,2:15 AM,C,food,JP,mobile,192.168.153.223,1631
273,894.2,1:45 PM,C,services,UK,tablet,192.168.106.121,1938
274,59.46,6:15 AM,A,travel,UK,mobile,192.168.68.223,1607
275,581.88,7:15 PM,A,entertainment,UK,mobile,192.168.105.206,1647
276,564.72,1:00 PM,E,food,US,desktop,192.168.56.139,1177
277,75.33,8:00 AM,A,food,UK,desktop,192.168.244.230,1752
278,61.43,5:45 PM,B,travel,JP,tablet,192.168.18.62,1995
279,57.18,4:30 AM,E,travel,UK,mobile,192.168.196.226,1901
280,11.99,11:00 AM,E,retail,JP,desktop,192.168.88.56,1921
281,4.57,12:45 PM,C,retail,AU,desktop,192.168.193.75,1856
282,63.11,10:15 AM,D,food,CA,mobile,192.168.121.231,1886
283,15.87,8:30 AM,D,food,UK,mobile,192.168.186.151,1374
284,410.32,5:00 PM,E,services,UK,mobile,192.168.77.249,1014
285,538.12,11:30 AM,C,retail,CA,desktop,192.168.161.73,1822
286,14.09,9:45 AM,B,retail,AU,tablet,192.168.69.174,1089
287,2.83,12:15 AM,E,food,AU,mobile,192.168.178.237,1423
288,53.04,4:30 PM,C,food,UK,tablet,192.168.130.126,1819
289,58.41,5:30 AM,E,retail,AU,tablet,192.168.219.143,1080
290,38.39,6:15 AM,D,food,UK,desktop,192.168.220.165,1053
291,411.48,10:30 PM,E,retail,US,tablet,192.168.200.81,1950
292,95.67,2:00 AM,D,services,UK,desktop,192.168.152.190,1238
293,38.29,4:00 PM,D,food,AU,tablet,192.168.221.152,1950
294,37.12,3:00 AM,C,services,AU,tablet,192.168.63.7,1579
295,13.28,5:15 AM,B,travel,AU,tablet,192.168.231.203,1649
296,66.57,8:15 PM,A,retail,AU,mobile,192.168.159.22,1285
297,50.55,5:45 PM,D,food,CA,mobile,192.168.238.132,1150
298,57.32,6:00 AM,D,services,US,mobile,192.168.21.27,1850
299,70.29,9:00 PM,A,retail,JP,tablet,192.168.53.151,1576
300,84.4,11:30 AM,A,services,US,tablet,192.168.207.144,1619
301,15.85,3:45 AM,D,travel,UK,mobile,192.168.139.96,1776
302,65.48,3:00 PM,E,services,CA,desktop,192.168.185.229,1646
303,73.62,12:15 PM,A,services,AU,desktop,192.168.105.161,1910
304,17.44,5:15 AM,D,retail,US,mobile,192.168.36.104,1968
305,10.38,4:15 AM,D,travel,JP,desktop,192.168.91.52,1789
306,69.98,5:45 AM,A,food,UK,mobile,192.168.153.209,1514
307,35.37,3:45 AM,B,travel,AU,mobile,192.168.237.135,1386
308,413.76,9:30 PM,A,travel,AU,mobile,192.168.78.116,1697
309,57.2,10:30 PM,D,travel,JP,desktop,192.168.95.95,1735
310,14.75,11:15 PM,D,entertainment,US,tablet,192.168.162.187,1429
311,747.0,11:15 AM,D,services,JP,tablet,192.168.91.215,1579
312,20.23,10:30 AM,A,entertainment,CA,tablet,192.168.251.63,1849
313,530.88,5:45 PM,A,travel,AU,desktop,192.168.132.58,1020
314,72.13,10:30 PM,E,services,JP,desktop,192.168.192.11,1846
315,86.91,3:30 AM,C,services,AU,desktop,192.168.68.70,1076
316,21.68,5:15 AM,B,travel,UK,tablet,192.168.198.57,1237
317,74.96,4:00 PM,D,entertainment,US,tablet,192.168.209.216,1891
318,25.17,5:45 AM,C,travel,CA,desktop,192.168.250.175,1171
319,634.04,8:15 PM,A,food,US,tablet,192.168.60.92,1548
320,12.81,10:00 PM,A,retail,US,mobile,192.168.136.77,1218
321,20.12,7:45 AM,B,food,UK,mobile,192.168.161.248,1621
322,4.51,4:15 PM,B,retail,UK,mobile,192.168.95.158,1778
323,6.51,4:30 PM,A,entertainment,US,mobile,192.168.216.224,1680
324,76.01,8:00 AM,D,services,US,tablet,192.168.203.163,1621
325,17.17,2:45 PM,E,retail,AU,desktop,192.168.157.47,1922
326,960.24,3:45 AM,B,retail,CA,tablet,192.168.222.130,1941
327,42.34,1:30 PM,E,entertainment,CA,desktop,192.168.191.98,1719
328,16.9,3:45 AM,E,travel,UK,mobile,192.168.224.225,1451
329,6.67,3:30 PM,C,retail,CA,desktop,192.168.212.133,1867
330,465.76,12:45 PM,A,food,AU,tablet,192.168.120.143,1130
331,8.15,8:00 PM,A,entertainment,CA,desktop,192.168.148.100,1783
332,502.76,6:15 AM,E,entertainment,CA,tablet,192.168.209.65,1330
333,2.86,6:15 PM,A,services,US,desktop,192.168.102.57,1462
334,53.88,4:30 AM,B,entertainment,UK,tablet,192.168.110.37,1790
335,83.02,6:30 AM,E,services,AU,tablet,192.168.109.121,1462
336,550.04,1:00 AM,C,travel,UK,mobile,192.168.140.133,1634
337,65.52,5:30 PM,D,travel,US,tablet,192.168.16.89,1473
338,59.5,4:15 PM,A,travel,CA,mobile,192.168.103.187,1916
339,17.41,8:00 PM,C,retail,AU,tablet,192.168.224.58,1978
340,604.88,7:15 AM,B,retail,US,desktop,192.168.7.229,1663
341,65.08,6:45 AM,C,services,UK,desktop,192.168.98.119,1116
342,2.8,7:45 AM,B,services,CA,mobile,192.168.62.34,1588
343,698.84,11:30 PM,A,food,UK,desktop,192.168.247.186,1477
344,81.05,8:00 AM,D,food,US,tablet,192.168.125.19,1030
345,75.09,5:45 AM,D,retail,JP,desktop,192.168.197.139,1923
346,75.64,1:30 AM,D,entertainment,JP,mobile,192.168.45.198,1459
347,27.4,5:00 AM,D,services,CA,desktop,192.168.40.182,1888
348,0.96,6:45 AM,B,food,AU,desktop,192.168.210.78,1298
349,41.76,12:00 PM,E,retail,US,tablet,192.168.45.1,1716
350,1.23,5:00 PM,E,retail,AU,desktop,192.168.191.168,1687
351,444.72,2:30 PM,D,retail,US,mobile,192.168.105.81,1194
352,87.49,3:15 PM,D,food,US,tablet,192.168.167.1,1155
353,35.76,3:00 PM,C,food,US,mobile,192.168.195.170,1581
354,11.41,7:45 PM,D,travel,CA,tablet,192.168.176.160,1719
355,7.86,12:30 AM,E,food,JP,desktop,192.168.228.119,1711
356,58.1,4:30 AM,D,travel,UK,desktop,192.168.219.40,1286
357,75.21,5:45 AM,E,services,US,tablet,192.168.186.7,1134
358,42.71,6:00 AM,A,entertainment,UK,tablet,192.168.76.197,1449
359,9.35,4:15 AM,C,services,CA,desktop,192.168.139.176,1823
360,491.92,5:00 AM,D,travel,CA,desktop,192.168.95.47,1423
361,11.56,9:15 AM,B,retail,UK,tablet,192.168.121.109,1167
362,31.83,9:30 AM,E,retail,AU,tablet,192.168.36.170,1498
363,20.33,2:15 PM,A,retail,JP,tablet,192.168.43.8,1013
364,9.3,4:15 AM,D,travel,JP,tablet,192.168.25.213,1685
365,69.55,2:30 PM,D,travel,CA,mobile,192.168.229.139,1349
366,690.76,11:15 AM,D,food,CA,desktop,192.168.175.53,1655
367,17.51,3:45 PM,A,food,US,desktop,192.168.17.128,1830
368,18.06,1:00 AM,E,food,UK,desktop,192.168.184.208,1488
369,471.28,4:30 PM,C,travel,CA,desktop,192.168.154.58,1261
370,2.66,4:00 PM,B,services,AU,desktop,192.168.185.95,1187
371,584.6,8:45 PM,A,travel,US,mobile,192.168.48.18,1449
372,20.85,5:00 AM,B,food,US,desktop,192.168.15.23,1831
373,463.4,9:15 PM,B,entertainment,AU,tablet,192.168.132.243,1353
374,3.29,6:30 PM,C,services,AU,mobile,192.168.55.237,1976
375,53.95,12:00 AM,A,entertainment,AU,mobile,192.168.169.254,1561
376,16.75,6:15 AM,C,entertainment,AU,desktop,192.168.160.183,1174
377,20.6,2:00 PM,C,entertainment,UK,mobile,192.168.225.57,1338
378,35.69,4:15 PM,C,travel,JP,desktop,192.168.127.113,1270
379,56.39,7:30 AM,E,travel,CA,desktop,192.168.178.249,1809
380,1.23,11:00 PM,E,retail,JP,desktop,192.168.179.122,1167
381,19.19,10:15 PM,A,entertainment,JP,mobile,192.168.25.26,1596
382,21.47,5:45 PM,E,entertainment,UK,mobile,192.168.47.3,1899
383,40.78,4:45 PM,D,entertainment,JP,desktop,192.168.242.108,1649
384,81.11,2:30 PM,C,services,JP,desktop,192.168.164.72,1423
385,540.88,2:30 PM,B,food,AU,tablet,192.168.176.241,1865
386,747.08,10:45 AM,D,food,AU,mobile,192.168.224.160,1200
387,43.85,7:45 PM,E,food,AU,desktop,192.168.80.163,1110
388,60.56,9:15 PM,B,food,JP,desktop,192.168.36.243,1175
389,91.19,3:45 PM,C,travel,CA,desktop,192.168.39.23,1799
390,14.05,11:45 AM,D,services,UK,tablet,192.168.253.111,1380
391,42.17,6:00 PM,D,retail,JP,tablet,192.168.87.21,1193
392,17.99,4:30 AM,A,food,US,tablet,192.168.244.217,1627
393,25.27,5:45 AM,C,travel,AU,tablet,192.168.41.156,1720
394,91.68,2:00 PM,E,retail,CA,mobile,192.168.179.213,1188
395,38.86,8:15 AM,B,services,US,tablet,192.168.57.132,1413
396,8.82,12:45 PM,C,travel,CA,desktop,192.168.8.182,1485
397,33.94,8:15 PM,B,retail,AU,desktop,192.168.107.199,1282
398,10.59,10:15 PM,C,retail,CA,tablet,192.168.217.27,1449
399,48.1,5:00 PM,C,food,JP,mobile,192.168.157.42,1098
400,51.41,7:45 AM,D,food,UK,mobile,192.168.246.103,1255
401,15.07,8:00 PM,C,services,CA,tablet,192.168.198.10,1420
402,415.8,1:15 AM,C,services,UK,desktop,192.168.59.141,1246
403,64.68,7:15 AM,C,retail,AU,desktop,192.168.224.89,1161
404,954.64,6:45 AM,D,retail,CA,mobile,192.168.169.144,1661
405,24.49,10:30 PM,E,services,CA,tablet,192.168.98.230,1043
406,68.44,5:00 AM,D,food,AU,tablet,192.168.158.54,1358
407,54.18,2:30 PM,A,retail,CA,desktop,192.168.89.130,1164
408,31.23,4:00 AM,A,travel,US,desktop,192.168.140.146,1164
409,491.16,7:45 AM,C,entertainment,JP,mobile,192.168.88.66,1363
410,19.46,5:45 PM,D,entertainment,US,desktop,192.168.189.228,1292
411,54.94,2:30 PM,D,services,US,desktop,192.168.39.35,1558
412,82.14,3:00 AM,C,retail,US,mobile,192.168.235.111,1197
413,14.36,4:45 AM,B,retail,US,tablet,192.168.212.69,1198
414,81.21,5:15 PM,C,travel,CA,mobile,192.168.173.238,1055
415,0.95,1:45 AM,D,services,CA,mobile,192.168.148.110,1086
416,28.81,3:30 PM,B,travel,CA,desktop,192.168.238.53,1561
417,40.42,8:15 AM,E,entertainment,CA,tablet,192.168.181.130,1934
418,42.28,7:15 PM,D,food,CA,tablet,192.168.1.10,1171
419,41.31,5:15 AM,C,travel,US,mobile,192.168.51.99,1867
420,21.83,12:00 AM,D,food,US,desktop,192.168.33.200,1915
421,44.26,9:30 PM,C,services,UK,mobile,192.168.61.112,1500
422,26.8,3:45 PM,D,food,CA,tablet,192.168.177.201,1668
423,56.19,6:00 AM,C,travel,CA,desktop,192.168.253.238,1457
424,35.24,1:15 AM,A,entertainment,US,mobile,192.168.128.203,1895
425,62.58,6:00 PM,A,entertainment,AU,tablet,192.168.162.231,1926
426,21.76,5:30 PM,A,entertainment,CA,desktop,192.168.81.39,1699
427,86.19,11:15 PM,B,food,CA,mobile,192.168.183.101,1732
428,15.72,5:45 AM,A,food,AU,mobile,192.168.236.241,1078
429,45.54,2:15 AM,B,entertainment,CA,tablet,192.168.70.177,1464
430,23.31,8:15 PM,D,food,UK,desktop,192.168.223.171,1087
431,27.24,7:30 PM,C,travel,JP,desktop,192.168.140.54,1493
432,3.53,6:45 AM,A,food,UK,tablet,192.168.237.170,1674
433,62.71,9:45 AM,B,travel,JP,mobile,192.168.194.205,1870
434,74.86,3:15 PM,C,travel,JP,mobile,192.168.225.26,1414
435,92.84,5:00 AM,C,retail,UK,tablet,192.168.106.6,1583
436,12.93,7:30 AM,E,entertainment,AU,tablet,192.168.167.251,1466
437,39.65,4:30 AM,A,services,UK,mobile,192.168.28.128,1614
438,74.85,6:15 AM,D,entertainment,US,mobile,192.168.192.68,1239
439,10.47,3:45 AM,B,entertainment,CA,mobile,192.168.194.128,1112
440,17.2,7:30 PM,D,travel,AU,tablet,192.168.119.213,1141
441,61.43,9:00 PM,E,travel,CA,desktop,192.168.57.67,1059
442,48.34,7:00 AM,B,retail,CA,desktop,192.168.153.64,1087
443,68.1,3:30 PM,B,food,JP,mobile,192.168.48.95,1487
444,1264.0,3:15 AM,A,retail,AU,mobile,192.168.121.0,1963
445,74.8,3:00 AM,B,retail,JP,tablet,192.168.28.213,1522
446,402.8,10:00 AM,B,retail,US,desktop,192.168.219.179,1021
447,30.95,11:15 AM,C,food,UK,tablet,192.168.113.9,1672
448,99.77,4:15 PM,C,retail,CA,tablet,192.168.77.97,1904
449,48.82,6:15 AM,C,travel,JP,mobile,192.168.82.175,1548
450,7.81,9:30 PM,B,travel,US,mobile,192.168.64.221,1660
451,64.93,9:15 AM,C,services,AU,mobile,192.168.113.191,1012
452,22.34,1:15 PM,C,services,CA,mobile,192.168.72.21,1638
453,7.69,1:15 PM,A,services,JP,mobile,192.168.118.238,1683
454,28.45,10:30 PM,A,food,JP,tablet,192.168.3.202,1539
455,28.5,5:30 AM,A,retail,JP,tablet,192.168.34.188,1602
456,0.5,9:45 PM,E,services,UK,mobile,192.168.178.141,1625
457,1059.8,1:30 AM,A,retail,CA,desktop,192.168.37.43,1304
458,84.09,8:45 AM,B,retail,UK,tablet,192.168.224.128,1603
459,97.41,9:45 PM,C,travel,CA,desktop,192.168.104.59,1061
460,5.91,3:00 AM,A,entertainment,US,tablet,192.168.179.181,1779
461,0.67,3:45 PM,B,services,AU,desktop,192.168.91.178,1532
462,32.83,2:15 PM,A,food,UK,mobile,192.168.36.205,1470
463,1.42,11:15 AM,B,food,JP,desktop,192.168.136.170,1157
464,1271.72,9:00 PM,E,retail,JP,mobile,192.168.194.44,1220
465,48.3,4:45 AM,D,entertainment,CA,mobile,192.168.247.204,1444
466,35.05,5:45 PM,E,services,UK,desktop,192.168.244.129,1984
467,507.24,4:15 PM,D,entertainment,CA,tablet,192.168.10.24,1557
468,87.66,9:15 PM,B,food,AU,desktop,192.168.121.62,1479
469,558.88,2:45 AM,C,retail,AU,tablet,192.168.173.126,1979
470,784.08,5:30 PM,A,retail,JP,mobile,192.168.22.89,1031
471,54.96,3:30 AM,D,services,AU,desktop,192.168.188.231,1098
472,76.14,11:15 PM,D,services,CA,desktop,192.168.43.118,1056
473,81.46,12:30 PM,A,services,CA,tablet,192.168.62.253,1974
474,6.21,2:15 AM,D,travel,UK,mobile,192.168.244.132,1066
475,2.48,10:15 AM,D,entertainment,AU,mobile,192.168.196.185,1006
476,85.11,9:00 PM,D,services,CA,desktop,192.168.86.132,1721
477,41.77,5:30 AM,E,services,UK,desktop,192.168.98.155,1924
478,2.94,4:30 AM,E,travel,UK,desktop,192.168.96.31,1063
479,13.34,2:15 AM,B,services,UK,desktop,192.168.208.145,1209
480,14.05,4:15 AM,E,food,US,mobile,192.168.90.179,1371
481,41.91,7:45 PM,A,retail,JP,desktop,192.168.14.76,1558
482,421.72,4:30 AM,C,retail,US,mobile,192.168.45.197,1191
483,30.63,8:30 PM,C,services,CA,mobile,192.168.97.66,1629
484,530.32,2:00 PM,A,travel,US,mobile,192.168.64.124,1799
485,44.51,5:30 PM,C,retail,UK,desktop,192.168.69.162,1328
486,50.58,8:00 AM,C,retail,AU,mobile,192.168.148.110,1853
487,56.95,1:30 AM,D,entertainment,AU,desktop,192.168.168.169,1332
488,618.4,9:15 PM,A,food,US,tablet,192.168.193.133,1872
489,36.42,6:45 PM,B,retail,US,desktop,192.168.34.161,1310
490,3.04,7:00 PM,C,services,CA,tablet,192.168.88.15,1421
491,39.2,12:45 AM,B,food,JP,mobile,192.168.98.245,1462
492,54.21,2:15 AM,D,services,US,mobile,192.168.202.86,1908
493,49.83,12:00 AM,D,travel,CA,desktop,192.168.67.248,1216
494,1.15,6:00 AM,A,entertainment,CA,tablet,192.168.133.119,1006
495,11.05,10:45 AM,C,food,US,mobile,192.168.96.34,1661
496,551.68,5:15 PM,E,retail,CA,desktop,192.168.203.240,1573
497,18.48,1:45 PM,D,food,UK,desktop,192.168.56.18,1641
498,89.38,2:00 PM,B,food,JP,mobile,192.168.103.62,1796
499,8.18,11:30 AM,A,food,AU,mobile,192.168.21.153,1772
500,62.37,7:15 PM,C,services,AU,tablet,192.168.82.130,1776
501,31.01,4:30 PM,D,retail,CA,mobile,192.168.157.35,1868
502,484.24,6:00 PM,D,services,AU,desktop,192.168.216.197,1383
503,550.72,6:00 AM,B,food,AU,tablet,192.168.90.83,1825
504,16.82,11:15 PM,D,food,US,mobile,192.168.14.42,1016
505,30.66,9:00 PM,D,retail,AU,tablet,192.168.151.41,1371
506,29.83,10:30 PM,A,food,AU,mobile,192.168.39.243,1950
507,993.32,1:30 PM,C,food,JP,tablet,192.168.124.115,1155
508,427.04,5:30 PM,B,entertainment,UK,tablet,192.168.22.251,1219
509,33.96,4:45 PM,C,food,JP,desktop,192.168.125.243,1677
510,664.12,1:30 PM,D,retail,UK,tablet,192.168.70.191,1975
511,94.4,3:45 AM,A,services,US,mobile,192.168.46.202,1300
512,69.6,7:30 AM,A,entertainment,AU,tablet,192.168.72.64,1778
513,5.38,12:00 AM,C,travel,CA,desktop,192.168.247.32,1530
514,7.98,6:30 AM,E,travel,UK,mobile,192.168.206.211,1350
515,717.72,10:45 PM,D,entertainment,CA,desktop,192.168.204.46,1296
516,56.14,8:45 AM,B,travel,US,desktop,192.168.12.36,1641
517,712.04,1:00 AM,A,services,JP,desktop,192.168.192.237,1180
518,34.15,7:00 PM,D,entertainment,AU,mobile,192.168.175.242,1672
519,56.03,3:45 PM,B,travel,UK,mobile,192.168.153.89,1319
520,1.54,11:45 AM,B,services,AU,desktop,192.168.18.173,1706
521,587.96,4:30 PM,C,food,AU,tablet,192.168.116.34,1254
522,1.91,10:30 PM,B,retail,US,desktop,192.168.40.72,1309
523,21.18,7:15 PM,A,food,AU,mobile,192.168.124.70,1027
524,42.5,10:15 PM,B,services,US,tablet,192.168.131.228,1801
525,51.9,1:45 AM,A,entertainment,JP,mobile,192.168.22.157,1545
526,9.28,9:15 PM,D,entertainment,CA,mobile,192.168.74.122,1869
527,11.08,9:45 AM,A,entertainment,UK,desktop,192.168.46.185,1300
528,433.04,1:30 PM,C,retail,US,desktop,192.168.172.2,1250
529,30.64,12:15 AM,D,food,AU,mobile,192.168.235.252,1940
530,93.42,7:45 PM,B,retail,AU,tablet,192.168.149.32,1463
531,11.83,8:45 PM,A,entertainment,US,tablet,192.168.244.173,1552
532,24.19,6:00 PM,B,travel,CA,mobile,192.168.217.203,1463
533,33.67,12:00 AM,A,entertainment,US,mobile,192.168.203.11,1792
534,24.15,3:00 AM,A,retail,JP,mobile,192.168.177.229,1572
535,23.78,11:00 AM,C,travel,JP,desktop,192.168.117.188,1491
536,5.15,11:45 AM,C,food,JP,mobile,192.168.201.151,1342
537,940.56,12:45 PM,B,services,US,desktop,192.168.39.80,1026
538,80.93,9:45 PM,B,services,JP,desktop,192.168.103.55,1574
539,537.92,11:45 PM,D,retail,AU,mobile,192.168.250.57,1615
540,568.68,7:45 PM,E,services,UK,desktop,192.168.180.169,1562
541,81.79,6:15 PM,D,travel,UK,mobile,192.168.159.202,1387
542,22.38,5:15 PM,D,services,CA,mobile,192.168.90.246,1102
543,25.14,12:15 AM,C,food,JP,mobile,192.168.125.145,1148
544,66.77,5:15 AM,B,entertainment,CA,tablet,192.168.72.251,1609
545,408.6,6:15 PM,E,food,UK,mobile,192.168.1.157,1690
546,49.46,7:15 PM,A,entertainment,US,mobile,192.168.57.0,1480
547,535.8,5:30 PM,C,travel,AU,mobile,192.168.216.121,1789
548,413.12,6:15 AM,D,services,UK,desktop,192.168.118.84,1604
549,41.99,2:00 PM,E,retail,CA,desktop,192.168.24.250,1830
550,38.99,7:45 PM,D,travel,JP,mobile,192.168.211.88,1940
551,33.89,8:30 PM,B,travel,JP,tablet,192.168.191.207,1456
552,663.4,11:15 PM,D,entertainment,UK,mobile,192.168.112.217,1794
553,13.2,6:00 AM,B,services,CA,tablet,192.168.74.155,1935
554,10.23,4:15 AM,D,retail,CA,mobile,192.168.123.232,1760
555,6.94,2:15 PM,D,services,JP,desktop,192.168.89.126,1816
556,23.46,12:45 PM,A,services,AU,tablet,192.168.179.237,1660
557,86.9,7:15 PM,B,services,US,desktop,192.168.109.231,1621
558,1.83,3:30 PM,C,travel,UK,mobile,192.168.39.215,1862
559,65.99,12:30 PM,D,food,US,desktop,192.168.120.29,1596
560,62.67,11:15 PM,A,travel,CA,desktop,192.168.13.2,1600
561,33.67,7:00 PM,D,entertainment,JP,mobile,192.168.57.59,1841
562,436.8,1:15 AM,C,food,US,desktop,192.168.113.45,1191
563,18.18,1:00 PM,E,travel,AU,desktop,192.168.61.162,1966
564,32.53,12:00 AM,E,entertainment,JP,mobile,192.168.70.0,1772
565,17.84,12:15 AM,A,entertainment,CA,mobile,192.168.94.56,1614
566,18.26,5:15 PM,D,food,US,mobile,192.168.13.68,1191
567,661.08,8:30 PM,D,entertainment,UK,tablet,192.168.61.82,1669
568,5.35,12:15 PM,B,services,US,tablet,192.168.238.176,1738
569,23.01,12:00 PM,E,food,UK,tablet,192.168.96.20,1575
570,32.97,9:15 AM,C,services,JP,desktop,192.168.216.214,1585
571,419.52,2:30 PM,A,travel,AU,mobile,192.168.110.106,1493
572,35.33,7:15 AM,D,retail,UK,mobile,192.168.153.232,1919
573,726.0,4:15 PM,A,retail,US,mobile,192.168.72.49,1564
574,46.26,1:30 PM,A,food,JP,tablet,192.168.246.139,1844
575,14.57,8:15 AM,B,retail,UK,desktop,192.168.246.225,1496
576,654.8,10:00 PM,C,food,CA,mobile,192.168.184.162,1333
577,54.0,2:30 PM,E,retail,AU,mobile,192.168.226.1,1305
578,0.18,3:45 PM,B,travel,US,desktop,192.168.84.157,1397
579,37.4,5:45 AM,C,entertainment,US,tablet,192.168.220.181,1723
580,405.64,2:45 AM,C,entertainment,CA,tablet,192.168.48.206,1403
581,53.13,6:45 PM,D,entertainment,AU,desktop,192.168.188.127,1492
582,6.07,7:15 PM,E,entertainment,UK,mobile,192.168.111.233,1736
583,14.09,12:45 AM,A,entertainment,AU,mobile,192.168.198.240,1873
584,79.16,6:30 AM,A,services,CA,tablet,192.168.194.219,1928
585,45.73,6:15 AM,D,retail,AU,mobile,192.168.60.39,1857
586,916.84,7:30 AM,B,food,US,mobile,192.168.38.96,1677
587,3.71,10:00 AM,C,entertainment,US,desktop,192.168.202.57,1032
588,79.95,12:00 PM,E,food,AU,desktop,192.168.29.104,1100
589,16.41,5:15 PM,E,services,CA,tablet,192.168.229.220,1547
590,18.55,5:15 AM,D,retail,US,tablet,192.168.200.202,1758
591,4.97,1:00 PM,A,services,CA,mobile,192.168.9.205,1483
592,1.19,4:00 AM,A,travel,JP,tablet,192.168.174.74,1679
593,37.1,11:15 AM,D,retail,CA,mobile,192.168.177.108,1611
594,21.82,10:45 PM,E,entertainment,AU,mobile,192.168.66.133,1319
595,463.88,3:45 PM,B,entertainment,US,desktop,192.168.65.233,1520
596,21.04,4:30 AM,B,food,US,desktop,192.168.214.91,1269
597,38.81,2:15 PM,C,retail,JP,desktop,192.168.185.167,1766
598,20.3,2:00 AM,B,retail,US,mobile,192.168.146.42,1418
599,545.68,1:15 PM,B,travel,JP,desktop,192.168.174.206,1411
600,14.5,3:15 PM,B,retail,JP,tablet,192.168.127.165,1959
601,511.76,5:30 PM,C,food,JP,mobile,192.168.205.62,1653
602,36.46,4:30 AM,A,travel,UK,tablet,192.168.46.167,1978
603,67.62,3:00 AM,B,services,CA,desktop,192.168.22.20,1999
604,17.94,2:00 PM,A,retail,JP,tablet,192.168.223.115,1706
605,39.97,5:45 PM,C,travel,JP,desktop,192.168.144.110,1088
606,59.31,1:00 PM,D,services,CA,mobile,192.168.11.52,1979
607,21.17,12:30 PM,E,entertainment,AU,tablet,192.168.241.63,1112
608,80.12,6:30 AM,B,retail,JP,desktop,192.168.231.214,1794
609,41.17,8:15 AM,A,travel,US,desktop,192.168.211.166,1655
610,467.28,1:30 AM,E,entertainment,US,tablet,192.168.68.252,1991
611,55.34,3:30 PM,A,entertainment,US,desktop,192.168.84.175,1256
612,1.95,6:15 PM,C,travel,AU,desktop,192.168.153.104,1653
613,18.41,10:15 PM,E,services,JP,tablet,192.168.202.167,1047
614,69.19,3:00 PM,E,travel,AU,tablet,192.168.44.19,1375
615,10.3,7:30 AM,E,food,CA,mobile,192.168.98.35,1473
616,42.25,2:00 PM,E,entertainment,AU,desktop,192.168.252.56,1199
617,509.12,9:00 AM,E,food,UK,tablet,192.168.95.254,1844
618,17.78,12:00 PM,D,travel,CA,mobile,192.168.154.108,1475
619,505.76,7:30 PM,D,travel,AU,mobile,192.168.194.25,1151
620,77.97,2:45 PM,A,retail,JP,tablet,192.168.87.48,1276
621,32.19,4:15 AM,E,food,US,mobile,192.168.28.89,1805
622,44.47,7:15 AM,B,travel,JP,desktop,192.168.86.52,1900
623,59.81,7:45 AM,B,retail,JP,mobile,192.168.3.224,1464
624,97.46,5:45 PM,C,retail,JP,tablet,192.168.253.34,1466
625,457.08,1:00 PM,B,entertainment,JP,desktop,192.168.144.243,1395
626,447.4,12:30 AM,D,retail,UK,tablet,192.168.95.111,1985
627,1.54,10:00 PM,E,entertainment,JP,desktop,192.168.116.66,1365
628,9.79,3:00 AM,B,food,UK,tablet,192.168.63.26,1527
629,82.79,4:00 PM,A,food,UK,desktop,192.168.130.151,1119
630,94.92,8:15 AM,A,travel,CA,tablet,192.168.222.254,1964
631,7.56,3:30 PM,A,food,UK,mobile,192.168.220.7,1669
632,31.87,4:45 PM,A,travel,AU,tablet,192.168.154.253,1655
633,467.28,12:00 PM,E,travel,UK,desktop,192.168.226.247,1722
634,59.26,5:00 AM,C,services,AU,tablet,192.168.185.2,1824
635,94.67,3:15 PM,A,retail,JP,desktop,192.168.27.79,1677
636,4.45,10:45 AM,C,services,JP,tablet,192.168.15.77,1949
637,659.2,8:45 PM,B,retail,CA,mobile,192.168.205.36,1180
638,14.65,4:15 PM,E,food,AU,mobile,192.168.85.215,1506
639,24.62,8:00 AM,D,food,US,tablet,192.168.164.100,1110
640,1.03,10:45 AM,D,services,AU,tablet,192.168.111.140,1481
641,0.39,3:45 PM,C,entertainment,JP,desktop,192.168.178.222,1519
642,411.4,6:45 PM,A,services,CA,desktop,192.168.238.49,1532
643,1.1,2:15 PM,A,travel,UK,desktop,192.168.135.68,1369
644,86.39,12:15 AM,C,retail,UK,desktop,192.168.43.135,1047
645,554.24,1:15 AM,B,entertainment,JP,tablet,192.168.157.4,1762
646,36.28,7:00 AM,E,services,UK,desktop,192.168.27.50,1636
647,12.17,11:30 AM,E,travel,UK,tablet,192.168.137.212,1594
648,88.09,5:15 AM,E,retail,JP,mobile,192.168.167.166,1168
649,521.72,5:00 AM,C,retail,US,desktop,192.168.12.216,1562
650,96.34,3:45 AM,C,travel,UK,tablet,192.168.99.237,1297
651,94.8,10:30 AM,E,entertainment,AU,tablet,192.168.113.215,1449
652,20.92,4:00 PM,E,retail,AU,mobile,192.168.14.94,1565
653,84.83,10:45 AM,A,entertainment,UK,desktop,192.168.17.38,1864
654,26.98,2:15 PM,B,travel,JP,mobile,192.168.103.98,1988
655,22.48,7:15 AM,A,food,US,tablet,192.168.238.7,1335
656,35.66,2:00 PM,B,travel,UK,mobile,192.168.237.139,1603
657,22.07,12:15 AM,E,retail,US,mobile,192.168.219.51,1869
658,598.96,12:30 AM,D,entertainment,AU,tablet,192.168.235.190,1098
659,1.84,2:00 AM,B,food,AU,mobile,192.168.3.144,1166
660,22.83,2:45 AM,C,entertainment,US,mobile,192.168.39.242,1314
661,39.24,12:45 PM,A,travel,CA,tablet,192.168.95.0,1931
662,57.03,2:15 PM,B,food,JP,tablet,192.168.57.192,1616
663,14.16,6:45 AM,E,food,AU,desktop,192.168.89.84,1722
664,45.89,1:00 AM,A,food,US,mobile,192.168.188.87,1466
665,31.98,6:15 AM,B,entertainment,AU,desktop,192.168.89.194,1314
666,33.53,12:00 PM,A,travel,JP,desktop,192.168.36.135,1765
667,43.8,3:15 PM,B,retail,JP,tablet,192.168.17.175,1492
668,516.88,9:00 AM,D,services,US,desktop,192.168.198.134,1688
669,10.21,12:15 PM,D,entertainment,US,mobile,192.168.34.102,1849
670,0.97,3:15 PM,A,retail,UK,desktop,192.168.55.201,1169
671,12.19,7:45 AM,E,food,UK,mobile,192.168.150.168,1946
672,0.58,1:00 AM,D,travel,JP,mobile,192.168.78.215,1786
673,85.47,7:30 AM,E,retail,AU,tablet,192.168.155.182,1763
674,19.2,1:45 AM,A,services,AU,mobile,192.168.84.219,1968
675,16.31,2:45 PM,B,travel,CA,mobile,192.168.58.231,1241
676,46.64,2:00 PM,A,services,AU,mobile,192.168.81.127,1141
677,465.6,11:45 PM,B,entertainment,JP,tablet,192.168.101.214,1953
678,80.5,5:00 PM,C,food,JP,mobile,192.168.185.195,1538
679,0.34,9:00 AM,E,travel,US,tablet,192.168.163.135,1518
680,49.64,10:30 PM,A,retail,JP,desktop,192.168.18.144,1247
681,760.96,9:45 PM,E,travel,JP,desktop,192.168.232.198,1380
682,26.0,1:15 PM,C,travel,US,mobile,192.168.128.87,1643
683,20.5,12:45 AM,A,services,CA,desktop,192.168.66.33,1877
684,6.5,7:45 AM,C,entertainment,UK,mobile,192.168.143.247,1808
685,12.57,3:00 AM,C,retail,US,desktop,192.168.232.224,1331
686,45.12,11:30 PM,C,services,AU,mobile,192.168.250.122,1028
687,7.51,2:45 AM,B,entertainment,US,tablet,192.168.206.188,1932
688,67.83,5:00 AM,A,travel,JP,tablet,192.168.110.240,1547
689,497.4,7:45 AM,A,retail,AU,mobile,192.168.47.44,1466
690,70.65,12:15 PM,B,services,AU,mobile,192.168.182.131,1293
691,46.88,12:00 PM,E,travel,UK,mobile,192.168.233.201,1224
692,1104.84,1:15 PM,B,travel,AU,desktop,192.168.88.120,1617
693,3.07,6:45 AM,E,entertainment,CA,desktop,192.168.206.89,1541
694,82.49,4:30 PM,D,services,AU,mobile,192.168.105.109,1305
695,962.68,8:15 PM,D,food,AU,mobile,192.168.60.230,1406
696,40.18,1:00 AM,B,entertainment,AU,tablet,192.168.127.31,1003
697,55.05,11:00 AM,A,food,US,tablet,192.168.57.50,1092
698,23.24,9:45 AM,A,retail,CA,mobile,192.168.97.169,1923
699,25.23,8:15 PM,C,travel,US,tablet,192.168.48.180,1377
700,64.49,10:00 AM,A,food,JP,mobile,192.168.118.42,1981
701,2.55,6:15 PM,A,entertainment,JP,tablet,192.168.112.52,1516
702,42.26,7:00 PM,B,services,JP,mobile,192.168.53.113,1539
703,21.47,8:15 PM,A,travel,CA,desktop,192.168.171.76,1331
704,31.22,12:15 AM,D,food,UK,tablet,192.168.241.53,1517
705,11.92,8:45 AM,D,entertainment,AU,mobile,192.168.72.248,1799
706,36.84,1:00 AM,E,travel,CA,mobile,192.168.90.100,1271
707,1.81,6:15 PM,B,food,US,mobile,192.168.135.124,1752
708,57.05,12:15 PM,D,retail,JP,desktop,192.168.71.213,1150
709,545.8,10:15 AM,A,entertainment,JP,mobile,192.168.171.106,1097
710,30.44,8:15 PM,E,entertainment,AU,tablet,192.168.244.169,1334
711,23.84,7:00 AM,A,retail,JP,desktop,192.168.197.74,1475
712,25.82,7:30 PM,A,entertainment,AU,tablet,192.168.99.61,1646
713,63.18,3:30 AM,E,travel,UK,tablet,192.168.126.70,1702
714,64.46,5:00 AM,B,services,UK,mobile,192.168.172.92,1803
715,11.5,1:30 PM,B,services,US,mobile,192.168.91.97,1125
716,564.28,5:45 AM,A,food,CA,tablet,192.168.166.174,1706
717,50.88,12:30 AM,A,retail,CA,desktop,192.168.179.84,1542
718,27.19,5:15 PM,E,travel,US,mobile,192.168.4.53,1310
719,3.03,6:15 AM,A,food,JP,mobile,192.168.244.76,1510
720,9.64,3:30 AM,B,travel,UK,desktop,192.168.236.9,1311
721,49.58,6:30 AM,D,food,US,desktop,192.168.36.191,1950
722,30.17,8:00 PM,A,travel,US,mobile,192.168.96.42,1575
723,11.9,6:15 AM,C,food,UK,desktop,192.168.15.206,1786
724,11.22,6:30 PM,B,food,CA,mobile,192.168.118.204,1404
725,29.45,11:45 PM,C,food,UK,tablet,192.168.147.107,1270
726,42.4,11:30 PM,C,services,UK,tablet,192.168.251.117,1082
727,5.72,6:15 PM,A,retail,US,tablet,192.168.140.67,1376
728,0.07,11:00 AM,E,services,US,desktop,192.168.135.227,1477
729,24.46,8:00 PM,D,services,JP,tablet,192.168.15.93,1628
730,80.86,5:30 AM,E,retail,UK,mobile,192.168.32.5,1970
731,39.65,10:30 AM,D,retail,US,desktop,192.168.123.34,1969
732,42.5,3:45 PM,A,services,AU,desktop,192.168.10.228,1326
733,15.75,12:00 AM,A,entertainment,AU,mobile,192.168.18.105,1535
734,40.62,6:00 AM,E,retail,UK,mobile,192.168.195.143,1063
735,521.56,6:30 PM,A,travel,AU,tablet,192.168.61.202,1200
736,16.2,4:15 PM,D,entertainment,US,desktop,192.168.14.110,1394
737,23.05,3:15 PM,E,travel,JP,mobile,192.168.100.184,1344
738,8.46,1:45 AM,A,retail,UK,tablet,192.168.143.119,1019
739,18.23,11:15 PM,C,entertainment,US,desktop,192.168.252.108,1989
740,36.68,12:00 PM,B,food,AU,tablet,192.168.204.159,1926
741,33.58,2:15 PM,E,food,AU,desktop,192.168.196.146,1273
742,94.02,7:45 PM,B,services,US,desktop,192.168.43.236,1618
743,7.66,1:15 AM,D,travel,CA,desktop,192.168.175.43,1633
744,80.86,8:45 PM,B,travel,CA,mobile,192.168.239.118,1406
745,37.09,11:15 AM,E,travel,AU,tablet,192.168.206.245,1539
746,40.87,5:45 AM,E,travel,AU,desktop,192.168.49.69,1351
747,28.52,8:15 PM,A,retail,CA,desktop,192.168.195.162,1086
748,5.52,6:45 PM,E,retail,CA,mobile,192.168.119.248,1009
749,44.75,4:30 PM,C,services,AU,tablet,192.168.127.205,1547
750,69.2,12:00 AM,C,services,US,desktop,192.168.95.158,1977
751,80.91,9:45 AM,B,services,US,tablet,192.168.238.142,1108
752,48.28,7:30 AM,A,travel,CA,tablet,192.168.24.25,1133
753,92.15,8:00 AM,D,travel,CA,mobile,192.168.84.230,1539
754,6.27,10:30 PM,A,retail,AU,tablet,192.168.183.163,1331
755,442.96,11:00 AM,A,services,AU,tablet,192.168.27.52,1819
756,538.8,7:45 PM,A,travel,US,tablet,192.168.44.235,1659
757,30.33,2:30 AM,B,food,CA,mobile,192.168.189.13,1652
758,71.88,3:30 PM,C,services,AU,desktop,192.168.21.244,1297
759,55.34,1:15 PM,B,entertainment,AU,tablet,192.168.16.125,1346
760,63.33,4:45 PM,C,food,AU,tablet,192.168.45.25,1326
761,43.33,10:30 AM,C,travel,US,desktop,192.168.4.190,1694
762,96.12,6:45 AM,B,retail,UK,mobile,192.168.207.149,1307
763,442.72,2:45 AM,B,travel,AU,tablet,192.168.72.147,1201
764,21.76,9:15 AM,D,services,JP,desktop,192.168.242.19,1140
765,11.91,6:00 PM,D,retail,JP,mobile,192.168.97.184,1237
766,88.03,9:45 PM,D,food,US,mobile,192.168.72.234,1057
767,63.84,7:00 PM,E,travel,UK,tablet,192.168.150.54,1107
768,21.32,1:15 PM,D,food,US,tablet,192.168.120.188,1886
769,20.51,12:15 AM,E,food,UK,desktop,192.168.103.94,1081
770,48.0,1:15 PM,B,entertainment,CA,desktop,192.168.71.210,1010
771,12.59,2:45 AM,B,entertainment,AU,tablet,192.168.204.160,1057
772,38.13,5:15 PM,D,travel,US,mobile,192.168.18.183,1918
773,51.31,3:15 PM,D,travel,CA,tablet,192.168.182.208,1965
774,64.32,10:30 PM,B,travel,CA,desktop,192.168.154.101,1027
775,19.15,6:00 AM,D,retail,UK,desktop,192.168.192.172,1483
776,79.98,2:15 AM,E,food,UK,desktop,192.168.62.247,1825
777,3.02,10:45 AM,C,travel,UK,desktop,192.168.205.109,1417
778,55.04,11:30 PM,B,entertainment,CA,mobile,192.168.153.240,1062
779,9.03,9:15 PM,C,travel,US,desktop,192.168.132.121,1124
780,69.48,6:15 PM,A,retail,JP,tablet,192.168.207.217,1676
781,44.41,1:45 AM,A,retail,JP,mobile,192.168.43.181,1154
782,0.08,10:30 PM,B,entertainment,US,tablet,192.168.108.153,1532
783,47.16,5:45 PM,C,services,AU,mobile,192.168.176.166,1408
784,1.38,9:30 AM,C,entertainment,CA,mobile,192.168.85.9,1743
785,70.16,3:00 AM,D,food,JP,tablet,192.168.58.221,1717
786,50.6,8:30 PM,E,retail,UK,mobile,192.168.7.225,1681
787,29.01,12:15 PM,E,entertainment,JP,desktop,192.168.213.229,1582
788,41.05,7:30 PM,D,travel,US,tablet,192.168.105.186,1680
789,37.44,11:15 AM,C,entertainment,AU,tablet,192.168.47.41,1451
790,692.4,1:45 PM,B,services,UK,mobile,192.168.189.171,1521
791,22.14,1:30 AM,E,entertainment,AU,desktop,192.168.169.169,1789
792,15.06,3:15 PM,E,retail,CA,mobile,192.168.202.124,1244
793,54.16,6:45 AM,C,entertainment,US,mobile,192.168.246.169,1896
794,28.04,1:30 PM,D,entertainment,US,desktop,192.168.37.194,1302
795,58.14,3:30 PM,C,entertainment,CA,desktop,192.168.62.222,1642
796,3.46,11:30 AM,B,services,JP,desktop,192.168.227.126,1651
797,503.76,2:15 AM,B,travel,JP,desktop,192.168.9.60,1217
798,5.87,11:30 AM,D,retail,US,mobile,192.168.234.37,1567
799,479.52,11:00 AM,B,travel,AU,desktop,192.168.220.54,1421
800,440.0,5:15 AM,B,entertainment,UK,desktop,192.168.79.230,1668
801,41.4,10:45 AM,E,entertainment,AU,tablet,192.168.171.59,1864
802,85.33,11:45 PM,B,travel,CA,tablet,192.168.58.85,1724
803,70.79,7:45 PM,A,travel,CA,desktop,192.168.79.151,1887
804,20.48,9:45 PM,A,retail,JP,mobile,192.168.253.76,1623
805,4.28,2:30 AM,C,entertainment,UK,tablet,192.168.251.18,1382
806,60.22,2:45 PM,C,food,UK,tablet,192.168.254.39,1887
807,39.96,7:15 PM,E,retail,UK,desktop,192.168.108.43,1489
808,641.08,3:00 PM,A,services,AU,tablet,192.168.156.23,1309
809,70.04,5:30 PM,D,entertainment,US,mobile,192.168.239.148,1696
810,44.83,3:15 AM,E,entertainment,US,desktop,192.168.239.5,1889
811,6.23,7:45 AM,B,services,UK,desktop,192.168.226.187,1184
812,64.64,12:30 PM,C,travel,UK,desktop,192.168.13.119,1769
813,88.45,10:30 PM,C,food,CA,mobile,192.168.251.215,1568
814,44.76,6:45 AM,E,travel,JP,tablet,192.168.49.192,1279
815,21.33,1:00 AM,A,retail,JP,desktop,192.168.171.119,1356
816,7.06,7:00 PM,A,retail,CA,mobile,192.168.22.188,1870
817,38.84,4:15 PM,C,travel,US,desktop,192.168.248.186,1703
818,26.8,10:00 AM,B,travel,CA,tablet,192.168.40.23,1168
819,13.58,12:15 PM,D,entertainment,JP,tablet,192.168.131.223,1918
820,9.99,3:15 PM,C,entertainment,US,desktop,192.168.130.238,1815
821,3.02,9:00 AM,E,food,UK,tablet,192.168.67.237,1551
822,43.86,6:45 PM,A,retail,CA,desktop,192.168.7.108,1014
823,41.27,2:45 PM,E,retail,JP,desktop,192.168.143.6,1223
824,88.16,3:15 AM,B,services,UK,tablet,192.168.106.52,1213
825,47.91,2:15 AM,A,services,AU,desktop,192.168.147.204,1900
826,71.85,8:30 AM,D,retail,US,desktop,192.168.153.176,1497
827,42.55,3:15 AM,E,retail,UK,tablet,192.168.74.132,1418
828,41.72,9:00 AM,C,food,UK,desktop,192.168.9.157,1963
829,26.69,1:30 AM,A,food,AU,mobile,192.168.74.4,1599
830,37.74,9:30 PM,A,food,UK,tablet,192.168.134.146,1314
831,62.9,7:45 PM,E,food,JP,desktop,192.168.190.234,1558
832,34.71,6:45 AM,D,travel,UK,mobile,192.168.224.164,1856
833,27.42,11:15 PM,D,entertainment,CA,mobile,192.168.116.197,1865
834,21.76,10:45 PM,A,food,CA,desktop,192.168.142.127,1981
835,11.42,7:45 PM,C,retail,US,desktop,192.168.253.4,1078
836,62.37,3:30 PM,A,food,JP,tablet,192.168.2.62,1867
837,82.02,7:30 AM,C,services,US,mobile,192.168.103.132,1032
838,3.18,10:30 AM,A,retail,UK,desktop,192.168.24.31,1732
839,40.28,8:45 PM,B,food,CA,mobile,192.168.246.107,1684
840,6.71,10:30 AM,D,entertainment,UK,mobile,192.168.248.26,1905
841,20.71,2:45 AM,A,services,US,desktop,192.168.72.200,1843
842,59.98,5:30 AM,E,entertainment,UK,mobile,192.168.132.10,1300
843,67.48,9:30 AM,C,entertainment,AU,desktop,192.168.163.111,1984
844,601.76,3:00 AM,B,services,AU,desktop,192.168.228.195,1840
845,22.23,2:15 PM,D,entertainment,CA,mobile,192.168.195.189,1240
846,1054.76,7:45 AM,D,services,JP,desktop,192.168.38.85,1434
847,42.93,9:00 AM,A,food,CA,desktop,192.168.152.120,1412
848,64.84,9:00 PM,B,retail,US,desktop,192.168.197.88,1169
849,31.51,4:15 PM,B,travel,JP,mobile,192.168.101.233,1974
850,50.41,3:30 PM,E,food,UK,mobile,192.168.219.99,1573
851,23.22,9:15 AM,E,travel,AU,mobile,192.168.234.239,1217
852,32.7,9:00 AM,C,food,CA,mobile,192.168.79.190,1478
853,435.08,4:45 PM,E,services,AU,desktop,192.168.237.152,1491
854,56.58,5:30 AM,E,retail,UK,tablet,192.168.60.175,1764
855,416.84,9:15 AM,C,entertainment,US,tablet,192.168.145.91,1478
856,9.82,5:45 PM,C,entertainment,UK,tablet,192.168.66.250,1058
857,74.72,1:15 PM,D,services,UK,mobile,192.168.194.206,1261
858,412.88,9:00 PM,C,services,AU,tablet,192.168.196.153,1196
859,25.19,11:30 AM,A,travel,CA,tablet,192.168.251.57,1514
860,6.22,11:00 PM,D,services,UK,mobile,192.168.93.243,1155
861,49.26,8:15 AM,D,services,JP,mobile,192.168.227.119,1848
862,426.12,4:00 PM,E,retail,JP,tablet,192.168.21.100,1733
863,641.92,6:45 AM,B,food,US,desktop,192.168.214.90,1299
864,495.84,6:30 PM,B,entertainment,JP,desktop,192.168.176.203,1305
865,767.52,6:00 AM,E,services,JP,desktop,192.168.169.90,1613
866,75.92,7:15 AM,A,food,UK,desktop,192.168.130.51,1797
867,29.24,9:15 PM,D,services,JP,mobile,192.168.213.144,1176
868,46.3,12:45 PM,D,retail,AU,desktop,192.168.221.92,1501
869,23.88,7:15 AM,A,entertainment,CA,desktop,192.168.90.156,1199
870,86.45,5:00 AM,D,travel,US,mobile,192.168.10.155,1951
871,98.68,6:30 AM,C,retail,US,tablet,192.168.7.102,1355
872,10.27,6:30 PM,B,entertainment,UK,mobile,192.168.179.5,1576
873,1229.0,9:30 AM,C,services,UK,tablet,192.168.50.69,1451
874,41.66,4:45 AM,A,food,AU,tablet,192.168.72.120,1637
875,74.82,1:00 PM,E,services,CA,tablet,192.168.174.107,1706
876,918.52,3:00 PM,C,food,JP,mobile,192.168.49.212,1146
877,99.7,2:45 AM,D,services,US,desktop,192.168.159.244,1952
878,49.26,2:00 AM,C,retail,CA,desktop,192.168.23.159,1799
879,475.04,10:00 PM,B,travel,JP,desktop,192.168.141.252,1088
880,39.04,3:00 PM,C,travel,AU,desktop,192.168.136.79,1838
881,45.75,4:00 AM,D,entertainment,UK,desktop,192.168.129.216,1008
882,11.55,6:15 AM,B,services,JP,tablet,192.168.214.137,1848
883,65.26,9:15 AM,E,travel,UK,tablet,192.168.44.50,1552
884,53.51,4:15 AM,A,food,US,desktop,192.168.98.7,1780
885,73.0,10:00 AM,E,food,JP,mobile,192.168.49.215,1262
886,98.79,10:00 PM,E,services,AU,tablet,192.168.115.194,1621
887,12.39,1:45 PM,D,retail,US,mobile,192.168.78.233,1318
888,64.46,2:45 AM,E,retail,UK,tablet,192.168.15.162,1240
889,85.83,10:15 PM,D,entertainment,CA,mobile,192.168.88.254,1979
890,45.49,3:00 PM,E,food,US,desktop,192.168.213.151,1478
891,14.15,12:30 PM,D,retail,US,tablet,192.168.133.187,1339
892,537.76,10:30 PM,E,services,US,tablet,192.168.7.93,1977
893,14.72,9:15 AM,D,services,UK,tablet,192.168.124.242,1912
894,0.79,11:45 PM,A,travel,AU,desktop,192.168.39.7,1834
895,459.32,1:00 PM,C,food,UK,mobile,192.168.111.1,1690
896,68.7,1:15 PM,B,food,AU,mobile,192.168.113.115,1781
897,72.19,12:30 AM,E,travel,CA,desktop,192.168.141.68,1419
898,24.63,3:00 PM,A,food,US,desktop,192.168.163.196,1793
899,69.39,10:00 AM,C,travel,UK,mobile,192.168.40.224,1369
900,44.02,5:00 AM,B,retail,AU,desktop,192.168.177.89,1510
901,4.73,2:15 PM,D,food,CA,desktop,192.168.21.236,1883
902,6.33,7:30 AM,C,retail,JP,desktop,192.168.21.40,1508
903,54.87,7:15 AM,A,entertainment,UK,desktop,192.168.32.178,1842
904,17.43,5:00 PM,C,entertainment,AU,mobile,192.168.30.95,1548
905,0.34,6:00 AM,E,retail,JP,desktop,192.168.163.109,1361
906,17.42,7:15 AM,C,food,JP,mobile,192.168.240.119,1401
907,36.84,3:30 PM,D,retail,CA,mobile,192.168.253.128,1928
908,63.8,9:00 AM,D,travel,UK,tablet,192.168.19.133,1135
909,78.76,5:00 AM,E,entertainment,CA,desktop,192.168.61.85,1740
910,25.81,5:45 AM,B,travel,UK,mobile,192.168.68.21,1422
911,24.15,7:45 AM,B,retail,AU,tablet,192.168.55.229,1548
912,13.85,4:00 AM,C,entertainment,UK,mobile,192.168.202.220,1192
913,50.13,7:00 PM,D,food,US,tablet,192.168.46.1,1979
914,31.96,11:45 PM,A,travel,US,desktop,192.168.186.113,1559
915,5.93,8:15 AM,C,travel,UK,tablet,192.168.197.121,1869
916,31.56,7:15 PM,A,services,CA,desktop,192.168.13.40,1007
917,29.79,9:00 AM,B,travel,UK,tablet,192.168.229.150,1766
918,38.88,1:45 PM,E,entertainment,CA,mobile,192.168.121.21,1852
919,650.52,6:45 PM,B,services,AU,mobile,192.168.137.147,1567
920,14.61,10:30 PM,B,entertainment,JP,tablet,192.168.214.221,1605
921,651.12,8:15 AM,D,entertainment,CA,desktop,192.168.202.148,1580
922,1.36,9:30 PM,E,travel,AU,tablet,192.168.231.167,1926
923,422.04,2:45 AM,A,food,AU,tablet,192.168.43.197,1272
924,629.36,8:30 PM,C,retail,US,mobile,192.168.13.246,1552
925,13.12,6:00 PM,A,food,UK,tablet,192.168.26.206,1836
926,74.43,1:00 PM,A,entertainment,JP,desktop,192.168.131.171,1117
927,81.43,10:00 PM,E,retail,US,desktop,192.168.144.185,1772
928,526.08,7:00 AM,B,food,AU,desktop,192.168.245.126,1476
929,64.03,7:45 PM,B,services,JP,desktop,192.168.4.99,1132
930,77.77,5:30 AM,E,retail,CA,mobile,192.168.46.201,1689
931,93.27,11:30 AM,D,travel,CA,tablet,192.168.168.96,1774
932,15.89,7:45 AM,B,retail,AU,mobile,192.168.221.181,1559
933,16.17,5:15 PM,B,entertainment,JP,desktop,192.168.249.41,1606
934,566.88,2:30 PM,B,food,AU,mobile,192.168.127.155,1787
935,20.05,4:30 PM,B,retail,AU,tablet,192.168.21.100,1448
936,98.06,2:30 PM,A,services,AU,mobile,192.168.65.149,1699
937,45.56,4:45 PM,C,entertainment,UK,desktop,192.168.204.94,1053
938,16.55,6:15 AM,D,retail,CA,desktop,192.168.239.229,1666
939,10.41,1:45 AM,D,travel,UK,tablet,192.168.148.15,1706
940,19.42,2:00 AM,C,entertainment,CA,tablet,192.168.32.223,1039
941,438.16,9:15 PM,A,services,AU,mobile,192.168.95.36,1075
942,3.45,12:00 AM,C,entertainment,US,desktop,192.168.224.77,1733
943,17.82,5:00 AM,D,services,CA,mobile,192.168.156.113,1808
944,805.6,1:00 PM,D,travel,AU,mobile,192.168.14.62,1020
945,860.24,4:15 AM,B,services,JP,tablet,192.168.217.84,1427
946,0.92,2:30 AM,E,food,CA,desktop,192.168.149.28,1815
947,67.63,2:30 AM,A,retail,AU,tablet,192.168.7.153,1426
948,78.26,11:00 AM,A,food,AU,mobile,192.168.162.77,1448
949,16.83,1:45 AM,B,food,JP,tablet,192.168.112.47,1657
950,12.77,10:30 PM,B,food,US,tablet,192.168.112.22,1661
951,40.48,1:00 AM,E,food,UK,mobile,192.168.42.145,1591
952,761.36,11:45 PM,E,travel,CA,desktop,192.168.180.27,1902
953,1050.16,5:15 AM,B,travel,CA,tablet,192.168.84.65,1176
954,41.99,6:30 AM,C,services,CA,desktop,192.168.141.14,1428
955,37.38,6:15 AM,C,food,US,mobile,192.168.91.115,1876
956,91.75,12:30 PM,B,services,UK,tablet,192.168.31.140,1111
957,48.84,7:15 PM,E,travel,JP,desktop,192.168.216.154,1409
958,28.4,7:15 PM,D,food,AU,tablet,192.168.101.238,1815
959,686.8,2:45 PM,D,entertainment,AU,tablet,192.168.14.240,1638
960,2.95,3:00 PM,D,food,AU,desktop,192.168.160.127,1142
961,72.61,12:00 AM,A,food,US,desktop,192.168.98.189,1418
962,34.12,11:30 AM,A,travel,US,desktop,192.168.169.228,1135
963,77.51,2:30 AM,C,travel,AU,tablet,192.168.211.216,1992
964,67.51,11:30 AM,A,travel,AU,mobile,192.168.211.14,1237
965,542.32,6:45 PM,A,entertainment,AU,tablet,192.168.85.29,1753
966,83.92,8:45 PM,D,services,AU,tablet,192.168.168.250,1954
967,74.47,6:45 AM,C,entertainment,AU,tablet,192.168.215.84,1837
968,5.35,10:45 PM,C,entertainment,CA,desktop,192.168.34.242,1129
969,12.74,10:00 AM,B,entertainment,CA,mobile,192.168.176.202,1527
970,2.95,7:00 PM,D,entertainment,AU,tablet,192.168.237.184,1245
971,35.37,10:45 PM,D,services,CA,mobile,192.168.104.123,1941
972,594.04,6:45 PM,C,food,AU,desktop,192.168.58.249,1884
973,31.19,7:30 PM,C,travel,JP,desktop,192.168.205.156,1194
974,19.07,10:00 AM,A,entertainment,CA,tablet,192.168.150.254,1703
975,511.4,8:15 AM,B,retail,AU,desktop,192.168.216.181,1333
976,55.8,2:45 PM,E,services,AU,tablet,192.168.147.136,1063
977,46.73,7:45 PM,E,retail,CA,mobile,192.168.232.112,1418
978,516.32,4:30 AM,A,travel,JP,tablet,192.168.99.135,1737
979,54.2,11:30 PM,D,retail,CA,mobile,192.168.159.149,1011
980,25.81,10:45 PM,E,services,CA,desktop,192.168.214.75,1067
981,2.99,7:45 PM,D,services,US,tablet,192.168.111.69,1133
982,40.71,6:45 AM,C,retail,JP,desktop,192.168.163.140,1486
983,16.05,5:45 PM,A,food,CA,mobile,192.168.132.37,1916
984,63.92,1:00 PM,B,food,US,desktop,192.168.74.136,1519
985,29.25,9:45 PM,C,food,US,desktop,192.168.166.23,1059
986,720.8,9:00 PM,B,services,CA,mobile,192.168.139.68,1878
987,694.76,5:45 AM,E,entertainment,JP,mobile,192.168.143.31,1750
988,88.69,2:45 PM,A,food,CA,mobile,192.168.249.253,1379
989,51.74,12:15 PM,E,food,CA,mobile,192.168.36.94,1316
990,538.96,11:00 AM,A,food,CA,tablet,192.168.178.137,1424
991,97.47,6:30 PM,C,retail,US,mobile,192.168.62.10,1018
992,24.06,4:45 AM,C,entertainment,UK,desktop,192.168.207.8,1998
993,4.42,10:45 PM,B,retail,UK,tablet,192.168.178.72,1442
994,68.62,12:30 PM,D,travel,AU,mobile,192.168.38.91,1063
995,32.55,3:45 AM,B,travel,US,desktop,192.168.68.113,1721
996,18.63,1:45 AM,A,food,CA,mobile,192.168.216.143,1484
997,29.44,12:15 AM,A,travel,US,desktop,192.168.31.48,1925
998,14.14,12:15 PM,B,food,CA,tablet,192.168.194.223,1774
999,42.26,9:30 AM,D,travel,AU,mobile,192.168.124.135,1148
